"Pollutant","Driver","Absolute_Shift","95%_CI_Lower","95%_CI_Upper","Credible_Interval_Status"
"Ozone (ppb)","Altitude (+100 m)",0.32,0.19,0.44,"Excludes Zero"
"Ozone (ppb)","Data Imputation Used",-1.21,-1.66,-0.76,"Excludes Zero"
"Ozone (ppb)","Holiday Traffic (vs. Breaks/Weekends)",-1.75,-3.22,-0.24,"Excludes Zero"
"Ozone (ppb)","Hot-Dry Spring (vs. Winter)",13.71,13.06,14.36,"Excludes Zero"
"Ozone (ppb)","Max Temperature (+1 °C)",1.56,1.51,1.6,"Excludes Zero"
"Ozone (ppb)","Rainy Season (vs. Winter)",1.69,1.16,2.2,"Excludes Zero"
"Ozone (ppb)","Relative Humidity (+1%)",-0.31,-0.33,-0.3,"Excludes Zero"
"Ozone (ppb)","School Commute Active (vs. Breaks/Weekends)",-1.52,-1.96,-1.08,"Excludes Zero"
"Ozone (ppb)","Wind Speed (+1 m/s)",-11.82,-12.17,-11.48,"Excludes Zero"
"PM2.5 (µg/m³)","Altitude (+100 m)",-0.59,-0.64,-0.55,"Excludes Zero"
"PM2.5 (µg/m³)","Data Imputation Used",0.38,0.21,0.55,"Excludes Zero"
"PM2.5 (µg/m³)","Holiday Traffic (vs. Breaks/Weekends)",-0.1,-0.68,0.52,"Spans Zero"
"PM2.5 (µg/m³)","Hot-Dry Spring (vs. Winter)",2.25,1.97,2.54,"Excludes Zero"
"PM2.5 (µg/m³)","Max Temperature (+1 °C)",0.26,0.24,0.28,"Excludes Zero"
"PM2.5 (µg/m³)","Rainy Season (vs. Winter)",-5.17,-5.37,-4.98,"Excludes Zero"
"PM2.5 (µg/m³)","Relative Humidity (+1%)",-0.05,-0.05,-0.04,"Excludes Zero"
"PM2.5 (µg/m³)","School Commute Active (vs. Breaks/Weekends)",0,-0.17,0.18,"Spans Zero"
"PM2.5 (µg/m³)","Wind Speed (+1 m/s)",-3.66,-3.8,-3.52,"Excludes Zero"
