"Pollutant","Driver","Absolute_Shift","HDI_Lower","HDI_Upper","Statistical_Signal"
"Ozone (ppb)","Altitude (+100 m)",0.21,0.08,0.35,"YES (Reliable)"
"Ozone (ppb)","Data Imputation Used",-1.18,-1.62,-0.72,"YES (Reliable)"
"Ozone (ppb)","Holiday Traffic (vs. Normal Day)",-1.85,-3.31,-0.31,"YES (Reliable)"
"Ozone (ppb)","Hot-Dry Spring (vs. Winter)",14.12,13.43,14.79,"YES (Reliable)"
"Ozone (ppb)","Rainy Season (vs. Winter)",0.06,-0.44,0.6,"NO (Spans Zero)"
"Ozone (ppb)","Relative Humidity (+1%)",-0.22,-0.23,-0.21,"YES (Reliable)"
"Ozone (ppb)","School Commute Active (vs. Breaks/Weekends)",-1.6,-2.05,-1.15,"YES (Reliable)"
"Ozone (ppb)","Temperature (+1 °C)",1.12,1.08,1.17,"YES (Reliable)"
"Ozone (ppb)","Wind Speed (+1 m/s)",-6.22,-6.39,-6.03,"YES (Reliable)"
"PM2.5 (µg/m³)","Altitude (+100 m)",-0.68,-0.74,-0.63,"YES (Reliable)"
"PM2.5 (µg/m³)","Data Imputation Used",0.36,0.18,0.53,"YES (Reliable)"
"PM2.5 (µg/m³)","Holiday Traffic (vs. Normal Day)",-0.2,-0.79,0.41,"NO (Spans Zero)"
"PM2.5 (µg/m³)","Hot-Dry Spring (vs. Winter)",2.21,1.92,2.5,"YES (Reliable)"
"PM2.5 (µg/m³)","Rainy Season (vs. Winter)",-5.44,-5.65,-5.24,"YES (Reliable)"
"PM2.5 (µg/m³)","Relative Humidity (+1%)",-0.03,-0.04,-0.03,"YES (Reliable)"
"PM2.5 (µg/m³)","School Commute Active (vs. Breaks/Weekends)",-0.01,-0.18,0.16,"NO (Spans Zero)"
"PM2.5 (µg/m³)","Temperature (+1 °C)",0.19,0.17,0.2,"YES (Reliable)"
"PM2.5 (µg/m³)","Wind Speed (+1 m/s)",-1.89,-1.96,-1.81,"YES (Reliable)"
